offset	bsdsocket	n_other	others
-30	socket	61	fuelgauge:FUELGAUGE_GetClass,realtime:LockRealTime,utility:FindTagItem,bevel:BEVEL_GetClass,dos:Open,keymap:SetKeyMapDefault
-36	bind	37	realtime:UnlockRealTime,utility:GetTagData,dos:Close,keymap:AskKeyMapDefault,amigaguide:LockAmigaGuideBase,layers:CreateUpfrontLayer
-42	listen	38	realtime:CreatePlayerA,utility:PackBoolTags,dos:Read,keymap:MapRawKey,trackfile:TFStartUnitTagList,timer:AddTime
-48	accept	37	realtime:DeletePlayer,utility:NextTagItem,dos:Write,keymap:MapANSI,trackfile:TFStopUnitTagList,timer:SubTime
-54	connect	35	realtime:SetPlayerAttrsA,utility:FilterTagChanges,dos:Input,trackfile:TFInsertMediaTagList,timer:CmpTime,amigaguide:OpenAmigaGuideA
-60	sendto	30	realtime:SetConductorState,utility:MapTags,dos:Output,trackfile:TFEjectMediaTagList,timer:ReadEClock,amigaguide:OpenAmigaGuideAsyncA
-66	send	29	realtime:ExternalSync,utility:AllocateTagItems,dos:Seek,trackfile:TFGetUnitData,timer:GetSysTime,amigaguide:CloseAmigaGuide
-72	recvfrom	28	realtime:NextConductor,utility:CloneTagItems,dos:DeleteFile,trackfile:TFFreeUnitData,amigaguide:AmigaGuideSignal,layers:ScrollLayer
-78	recv	28	realtime:FindConductor,utility:FreeTagItems,dos:Rename,trackfile:TFChangeUnitTagList,amigaguide:GetAmigaGuideMsg,layers:BeginUpdate
-84	shutdown	27	realtime:GetPlayerAttrsA,utility:RefreshTagItemClones,dos:Lock,trackfile:TFExamineFileSize,amigaguide:ReplyAmigaGuideMsg,layers:EndUpdate
-90	setsockopt	25	utility:TagInArray,dos:UnLock,amigaguide:SetAmigaGuideContextA,layers:DeleteLayer,wb:WBInfo,mathieeedoubbas:IEEEDPFloor
-96	getsockopt	24	utility:FilterTagItems,dos:DupLock,amigaguide:SendAmigaGuideContextA,layers:LockLayer,wb:OpenWorkbenchObjectA,mathieeedoubbas:IEEEDPCeil
-102	getsockname	22	utility:CallHookPkt,dos:Examine,amigaguide:SendAmigaGuideCmdA,layers:UnlockLayer,wb:CloseWorkbenchObjectA,icon:MatchToolValue
-108	getpeername	19	dos:ExNext,amigaguide:SetAmigaGuideAttrsA,layers:LockLayers,wb:WorkbenchControlA,icon:BumpRevision,graphics:DoCollision
-114	IoctlSocket	20	dos:Info,amigaguide:GetAmigaGuideAttr,layers:UnlockLayers,wb:AddAppWindowDropZoneA,icon:FreeAlloc,graphics:DrawGList
-120	CloseSocket	18	utility:Amiga2Date,dos:CreateDir,layers:LockLayerInfo,wb:RemoveAppWindowDropZone,icon:GetDefDiskObject,graphics:InitGels
-126	WaitSelect	19	utility:Date2Amiga,dos:CurrentDir,amigaguide:LoadXRef,layers:SwapBitsRastPortClipRect,wb:ChangeWorkbenchSelectionA,icon:PutDefDiskObject
-132	SetSocketSignals	16	utility:CheckDate,dos:IoErr,amigaguide:ExpungeXRef,layers:WhichLayer,wb:MakeWorkbenchObjectVisibleA,icon:GetDiskObjectNew
-138	getdtablesize	16	utility:SMult32,dos:CreateProc,amigaguide:AddAmigaGuideHostA,layers:UnlockLayerInfo,wb:WhichWorkbenchObjectA,icon:DeleteDiskObject
-144	ObtainSocket	14	utility:UMult32,dos:Exit,amigaguide:RemoveAmigaGuideHostA,layers:NewLayerInfo,icon:FreeFree,rexxsyslib:CreateRexxMsg
-150	ReleaseSocket	12	utility:SDivMod32,dos:LoadSeg,layers:DisposeLayerInfo,icon:DupDiskObjectA,rexxsyslib:DeleteRexxMsg,graphics:SortGList
-156	ReleaseCopyOfSocket	11	utility:UDivMod32,dos:UnLoadSeg,layers:FattenLayerInfo,icon:IconControlA,rexxsyslib:ClearRexxMsg,graphics:AddAnimOb
-162	Errno	10	utility:Stricmp,layers:ThinLayerInfo,icon:DrawIconStateA,rexxsyslib:FillRexxMsg,graphics:Animate,locale:ParseDate
-168	SetErrnoPtr	9	utility:Strnicmp,layers:MoveLayerInFrontOf,icon:GetIconRectangleA,rexxsyslib:IsRexxMsg,graphics:GetGBuffers,iffparse:FindPropContext
-174	Inet_NtoA	11	utility:ToUpper,dos:DeviceProc,layers:InstallClipRegion,icon:NewDiskObject,graphics:InitGMasks,locale:StrConvert
-180	inet_addr	10	utility:ToLower,dos:SetComment,layers:MoveSizeLayer,icon:GetIconTagList,graphics:DrawEllipse,locale:StrnCmp
-186	Inet_LnaOf	8	utility:ApplyTagChanges,dos:SetProtection,layers:CreateUpfrontHookLayer,icon:PutIconTagList,graphics:AreaEllipse,iffparse:AllocLocalItem
-192	Inet_NetOf	7	dos:DateStamp,layers:CreateBehindHookLayer,icon:LayoutIconA,graphics:LoadRGB4,iffparse:LocalItemData,exec:Deallocate
-198	Inet_MakeAddr	8	utility:SMult64,dos:Delay,layers:InstallLayerHook,icon:ChangeToSelectedIconColor,graphics:InitRastPort,iffparse:SetLocalItemPurge
-204	inet_network	9	utility:UMult64,dos:WaitForChar,layers:InstallLayerInfoHook,icon:BumpRevisionLength,graphics:InitVPort,iffparse:FreeLocalItem
-210	gethostbyname	8	utility:PackStructureTags,dos:ParentDir,amigaguide:GetAmigaGuideString,layers:SortLayerCR,graphics:MrgCop,iffparse:FindLocalItem
-216	gethostbyaddr	7	utility:UnpackStructureTags,dos:IsInteractive,layers:DoHookClipRects,graphics:MakeVPort,iffparse:StoreLocalItem,exec:AvailMem
-222	getnetbyname	7	utility:AddNamedObject,dos:Execute,layers:LayerOccluded,graphics:LoadView,iffparse:StoreItemInContext,exec:AllocEntry
-228	getnetbyaddr	8	utility:AllocNamedObjectA,dos:AllocDosObject,dos:AllocDosObjectTagList,layers:HideLayer,graphics:WaitBlit,iffparse:InitIFF
-234	getservbyname	9	utility:AttemptRemNamedObject,dos:FreeDosObject,layers:ShowLayer,graphics:SetRast,iffparse:InitIFFasDOS,exec:Insert
-240	getservbyport	13	utility:FindNamedObject,dos:DoPkt,dos:DoPkt0,dos:DoPkt1,dos:DoPkt2,dos:DoPkt3
-246	getprotobyname	7	utility:FreeNamedObject,dos:SendPkt,graphics:Draw,iffparse:OpenClipboard,exec:AddTail,exec:AddTailMinList
-252	getprotobynumber	7	utility:NamedObjectName,dos:WaitPkt,graphics:AreaMove,iffparse:CloseClipboard,exec:Remove,exec:RemoveMinNode
-258	vsyslog	8	utility:ReleaseNamedObject,dos:ReplyPkt,graphics:AreaDraw,datatypes:FindMethod,iffparse:GoodID,exec:RemHead
-264	Dup2Socket	8	utility:RemNamedObject,dos:AbortPkt,graphics:AreaEnd,datatypes:FindTriggerMethod,iffparse:GoodType,exec:RemTail
-270	sendmsg	7	utility:GetUniqueID,dos:LockRecord,graphics:WaitTOF,datatypes:CopyDTMethods,iffparse:IDtoStr,exec:Enqueue
-276	recvmsg	5	dos:LockRecords,graphics:QBlit,datatypes:CopyDTTriggerMethods,exec:FindName,intuition:SetWindowTitles
-282	gethostname	5	dos:UnLockRecord,graphics:InitArea,datatypes:FreeDTMethods,exec:AddTask,intuition:ShowTitle
-288	gethostid	5	dos:UnLockRecords,graphics:SetRGB4,datatypes:GetDTTriggerMethodDataFlags,exec:RemTask,intuition:SizeWindow
-294	SocketBaseTagList	5	dos:SelectInput,graphics:QBSBlit,datatypes:SaveDTObjectA,exec:FindTask,intuition:ViewAddress
-300	GetSocketEvents	5	dos:SelectOutput,graphics:BltClear,datatypes:StartDragSelect,exec:SetTaskPri,intuition:ViewPortAddress
-306	reserved	4	dos:FGetC,graphics:RectFill,exec:SetSignal,intuition:WindowToBack
-312	reserved	5	utility:VSNPrintf,dos:FPutC,graphics:BltPattern,exec:SetExcept,intuition:WindowToFront
-318	reserved	4	dos:UnGetC,graphics:ReadPixel,exec:Wait,intuition:WindowLimits
-324	reserved	4	dos:FRead,graphics:WritePixel,exec:Signal,intuition:SetPrefs
-330	reserved	4	dos:FWrite,graphics:Flood,exec:AllocSignal,intuition:IntuiTextLength
-336	reserved	4	dos:FGets,graphics:PolyDraw,exec:FreeSignal,intuition:WBenchToBack
-342	reserved	4	dos:FPuts,graphics:SetAPen,exec:AllocTrap,intuition:WBenchToFront
-348	reserved	4	dos:VFWritef,graphics:SetBPen,exec:FreeTrap,intuition:AutoRequest
-354	reserved	4	dos:VFPrintf,graphics:SetDrMd,exec:AddPort,intuition:BeginRefresh
-360	reserved	4	dos:Flush,graphics:InitView,exec:RemPort,intuition:BuildSysRequest
-366	bpf_open	4	dos:SetVBuf,graphics:CBump,exec:PutMsg,intuition:EndRefresh
-372	bpf_close	4	dos:DupLockFromFH,graphics:CMove,exec:GetMsg,intuition:FreeSysRequest
-378	bpf_read	4	dos:OpenFromLock,graphics:CWait,exec:ReplyMsg,intuition:MakeScreen
-384	bpf_write	4	dos:ParentOfFH,graphics:VBeamPos,exec:WaitPort,intuition:RemakeDisplay
-390	bpf_set_notify_mask	4	dos:ExamineFH,graphics:InitBitMap,exec:FindPort,intuition:RethinkDisplay
-396	bpf_set_interrupt_mask	4	dos:SetFileDate,graphics:ScrollRaster,exec:AddLibrary,intuition:AllocRemember
-402	bpf_ioctl	4	dos:NameFromLock,graphics:WaitBOVP,exec:RemLibrary,intuition:AlohaWorkbench
-408	bpf_data_waiting	4	dos:NameFromFH,graphics:GetSprite,exec:OldOpenLibrary,intuition:FreeRemember
-414	AddRouteTagList	4	dos:SplitName,graphics:FreeSprite,exec:CloseLibrary,intuition:LockIBase
-420	DeleteRouteTagList	4	dos:SameLock,graphics:ChangeSprite,exec:SetFunction,intuition:UnlockIBase
-426	ChangeRouteTagList	4	dos:SetMode,graphics:MoveSprite,exec:SumLibrary,intuition:GetScreenData
-432	FreeRouteInfo	4	dos:ExAll,graphics:LockLayerRom,exec:AddDevice,intuition:RefreshGList
-438	GetRouteInfo	5	utility:Strncpy,dos:ReadLink,graphics:UnlockLayerRom,exec:RemDevice,intuition:AddGList
-444	AddInterfaceTagList	5	utility:Strncat,dos:MakeLink,graphics:SyncSBitMap,exec:OpenDevice,intuition:RemoveGList
-450	ConfigureInterfaceTagList	6	utility:SDivMod64,dos:ChangeMode,rexxsyslib:LockRexxBase,graphics:CopySBitMap,exec:CloseDevice,intuition:ActivateWindow
-456	ReleaseInterfaceList	6	utility:UDivMod64,dos:SetFileSize,rexxsyslib:UnlockRexxBase,graphics:OwnBlitter,exec:DoIO,intuition:RefreshWindowFrame
-462	ObtainInterfaceList	4	dos:SetIoErr,graphics:DisownBlitter,exec:SendIO,intuition:ActivateGadget
-468	QueryInterfaceTagList	4	dos:Fault,graphics:InitTmpRas,exec:CheckIO,intuition:NewModifyProp
-474	CreateAddrAllocMessageA	4	dos:PrintFault,graphics:AskFont,exec:WaitIO,intuition:QueryOverscan
-480	DeleteAddrAllocMessage	5	dos:ErrorReport,rexxsyslib:CreateRexxHostPort,graphics:AddFont,exec:AbortIO,intuition:MoveWindowInFrontOf
-486	BeginInterfaceConfig	4	rexxsyslib:DeleteRexxHostPort,graphics:RemFont,exec:AddResource,intuition:ChangeWindowBox
-492	AbortInterfaceConfig	5	dos:Cli,rexxsyslib:GetRexxVarFromMsg,graphics:AllocRaster,exec:RemResource,intuition:SetEditHook
-498	AddNetMonitorHookTagList	6	dos:CreateNewProc,dos:CreateNewProcTagList,rexxsyslib:SetRexxVarFromMsg,graphics:FreeRaster,exec:OpenResource,intuition:SetMouseQueue
-504	RemoveNetMonitorHook	4	dos:RunCommand,rexxsyslib:LaunchRexxScript,graphics:AndRectRegion,intuition:ZipWindow
-510	GetNetworkStatistics	4	dos:GetConsoleTask,rexxsyslib:FreeRexxMsg,graphics:OrRectRegion,intuition:LockPubScreen
-516	AddDomainNameServer	4	dos:SetConsoleTask,rexxsyslib:GetRexxBufferFromMsg,graphics:NewRegion,intuition:UnlockPubScreen
-522	RemoveDomainNameServer	4	dos:GetFileSysTask,graphics:ClearRectRegion,exec:RawDoFmt,intuition:LockPubScreenList
-528	ReleaseDomainNameServerList	4	dos:SetFileSysTask,graphics:ClearRegion,exec:GetCC,intuition:UnlockPubScreenList
-534	ObtainDomainNameServerList	4	dos:GetArgStr,graphics:DisposeRegion,exec:TypeOfMem,intuition:NextPubScreen
-540	setnetent	4	dos:SetArgStr,graphics:FreeVPortCopLists,exec:Procure,intuition:SetDefaultPubScreen
-546	endnetent	4	dos:FindCliProc,graphics:FreeCopList,exec:Vacate,intuition:SetPubScreenModes
-552	getnetent	4	dos:MaxCli,graphics:ClipBlit,exec:OpenLibrary,intuition:PubScreenStatus
-558	setprotoent	4	dos:SetCurrentDirName,graphics:XorRectRegion,exec:InitSemaphore,intuition:ObtainGIRPort
-564	endprotoent	4	dos:GetCurrentDirName,graphics:FreeCprList,exec:ObtainSemaphore,intuition:ReleaseGIRPort
-570	getprotoent	4	dos:SetProgramName,graphics:GetColorMap,exec:ReleaseSemaphore,intuition:GadgetMouse
-576	setservent	3	dos:GetProgramName,graphics:FreeColorMap,exec:AttemptSemaphore
-582	endservent	4	dos:SetPrompt,graphics:GetRGB4,exec:ObtainSemaphoreList,intuition:GetDefaultPubScreen
-588	getservent	4	dos:GetPrompt,graphics:ScrollVPort,exec:ReleaseSemaphoreList,intuition:EasyRequestArgs
-594	inet_aton	4	dos:SetProgramDir,graphics:UCopperListInit,exec:FindSemaphore,intuition:BuildEasyRequestArgs
-600	inet_ntop	4	dos:GetProgramDir,graphics:FreeGBuffers,exec:AddSemaphore,intuition:SysReqHandler
-606	inet_pton	5	dos:SystemTagList,dos:System,graphics:BltBitMapRastPort,exec:RemSemaphore,intuition:OpenWindowTagList
-612	In_LocalAddr	4	dos:AssignLock,graphics:OrRegionRegion,exec:SumKickData,intuition:OpenScreenTagList
-618	In_CanForward	4	dos:AssignLate,graphics:XorRegionRegion,exec:AddMemList,intuition:DrawImageState
-624	mbuf_copym	4	dos:AssignPath,graphics:AndRegionRegion,exec:CopyMem,intuition:PointInImage
-630	mbuf_copyback	4	dos:AssignAdd,graphics:SetRGB4CM,exec:CopyMemQuick,intuition:EraseImage
-636	mbuf_copydata	4	dos:RemAssignList,graphics:BltMaskBitMapRastPort,exec:CacheClearU,intuition:NewObjectA
-642	mbuf_free	3	dos:GetDeviceProc,exec:CacheClearE,intuition:DisposeObject
-648	mbuf_freem	3	dos:FreeDeviceProc,exec:CacheControl,intuition:SetAttrsA
-654	mbuf_get	4	dos:LockDosList,graphics:AttemptLockLayerRom,exec:CreateIORequest,intuition:GetAttr
-660	mbuf_gethdr	4	dos:UnLockDosList,graphics:GfxNew,exec:DeleteIORequest,intuition:SetGadgetAttrsA
-666	mbuf_prepend	4	dos:AttemptLockDosList,graphics:GfxFree,exec:CreateMsgPort,intuition:NextObject
-672	mbuf_cat	3	dos:RemDosEntry,graphics:GfxAssociate,exec:DeleteMsgPort
-678	mbuf_adj	4	dos:AddDosEntry,graphics:BitMapScale,exec:ObtainSemaphoreShared,intuition:MakeClass
-684	mbuf_pullup	4	dos:FindDosEntry,graphics:ScalerDiv,exec:AllocVec,intuition:AddClass
-690	ProcessIsServer	4	dos:NextDosEntry,graphics:TextExtent,exec:FreeVec,intuition:GetScreenDrawInfo
-696	ObtainServerSocket	4	dos:MakeDosEntry,graphics:TextFit,exec:CreatePool,intuition:FreeScreenDrawInfo
-702	GetDefaultDomainName	4	dos:FreeDosEntry,graphics:GfxLookUp,exec:DeletePool,intuition:ResetMenuStrip
-708	SetDefaultDomainName	4	dos:IsFileSystem,graphics:VideoControl,exec:AllocPooled,intuition:RemoveClass
-714	ObtainRoadshowData	4	dos:Format,graphics:OpenMonitor,exec:FreePooled,intuition:FreeClass
-720	ReleaseRoadshowData	3	dos:Relabel,graphics:CloseMonitor,exec:AttemptSemaphoreShared
-726	ChangeRoadshowData	3	dos:Inhibit,graphics:FindDisplayInfo,exec:ColdReboot
-732	RemoveInterface	3	dos:AddBuffers,graphics:NextDisplayInfo,exec:StackSwap
-738	gethostbyname_r	1	dos:CompareDates
-744	gethostbyaddr_r	1	dos:DateToStr
-750	reserved	1	dos:StrToDate
-756	reserved	2	dos:InternalLoadSeg,graphics:GetDisplayInfoData
-762	ipf_open	3	dos:InternalUnLoadSeg,graphics:FontExtent,exec:CachePreDMA
-768	ipf_close	5	dos:NewLoadSeg,dos:NewLoadSegTagList,graphics:ReadPixelLine8,exec:CachePostDMA,intuition:AllocScreenBuffer
-774	ipf_ioctl	4	dos:AddSegment,graphics:WritePixelLine8,exec:AddMemHandler,intuition:FreeScreenBuffer
-780	ipf_log_read	4	dos:FindSegment,graphics:ReadPixelArray8,exec:RemMemHandler,intuition:ChangeScreenBuffer
-786	ipf_log_data_waiting	4	dos:RemSegment,graphics:WritePixelArray8,exec:ObtainQuickVector,intuition:ScreenDepth
-792	ipf_set_notify_mask	3	dos:CheckSignal,graphics:GetVPModeID,intuition:ScreenPosition
-798	ipf_set_interrupt_mask	3	dos:ReadArgs,graphics:ModeNotAvailable,intuition:ScrollWindowRaster
-804	freeaddrinfo	3	dos:FindArg,graphics:WeighTAMatch,intuition:LendMenus
-810	getaddrinfo	3	dos:ReadItem,graphics:EraseRect,intuition:DoGadgetMethodA
-816	gai_strerror	3	dos:StrToLong,graphics:ExtendFont,intuition:SetWindowPointerA
-822	getnameinfo	3	dos:MatchFirst,graphics:StripFont,intuition:TimedDisplayAlert
-828	reserved	4	dos:MatchNext,graphics:CalcIVG,exec:NewMinList,intuition:HelpControl
-834	reserved	3	dos:MatchEnd,graphics:AttachPalExtra,intuition:ShowWindow
-840	reserved	3	dos:ParsePattern,graphics:ObtainBestPenA,intuition:HideWindow
-846	reserved	1	dos:MatchPattern
-852	reserved	1	graphics:SetRGB32
-858	reserved	2	dos:FreeArgs,graphics:GetAPen
-882	if_nametoindex	2	dos:AddPart,graphics:LoadRGB32
-888	if_indextoname	2	dos:StartNotify,graphics:SetChipRev
-894	if_nameindex	2	dos:EndNotify,graphics:SetABPenDrMd
-900	if_freenameindex	2	dos:SetVar,graphics:GetRGB32
