ACUSeeMe_000	acuseeme2_02.lha
ACUSeeMe_020	acuseeme2_02.lha
AmNetbus	netbus.lha
AmiFTPd	amiftpd19.lha
AmiNBD	AmiNBD-0.1.lha
AmiWATCH	AmiWATCH103.lha
AmyDynDNS	AmyDynDNS100.lha
AmyMlDyn	AmyMlDyn220.lha
Atalk	atalk_V1.lha
Atalk2	atalk_V1.lha
Atalkd	atalk_V1.lha
CLChatD	CL51-IP.lha
CLChatD	ConnectLine.lha
CLChatD	clchat415.lha
CLChatIRCD	CL51-IP.lha
CLChatIRCD	ConnectLine.lha
CLChatIRCD	clchat415.lha
DNSTool	DNSTool1_0.lha
Envy20	Envy20Amiga.lha
Envy20-030	Envy20Amiga.lha
Istar	KgServer.lha
Istar	KnowledgeSvr.lha
Lister	realms.lha
Merc22	Envy20Amiga.lha
MiamiIPNatD	MiamiDx10cmain.lha
MiamiMRouteD	Miami32b2-main.lha
MiamiMRouteD	MiamiDx10cmain.lha
Mosaic-amitcp	MosaicSrc.lha
MyHost	MyHost.lha
NNTPd	NNTPd_12.lha
NetFS-Explorer	NetFS-revised.lha
NetFSInfo	NetFS-revised.lha
NetFSPort	NetFS-revised.lha
NetParServer	NetPar.lha
POP3send	POP3send.lha
POPd	AmiTCP-popd.lha
Realms	realms.lha
Realms_020	realms.lha
Relay	Relay.lha
Relay.68000	Relay.lha
Sniffy	Sniffy.lha
TFTPServer	tftp-server.lha
TraceRoute	Traceroute1_17.lha
WebCamViewer	WebCam.lha
WebFTP_DEMO	WebFTP_DEMO.lha
Whois	Whois.lha
Yam2NN	2b_Yam2NN.lha
Yam2NN.debug	2b_Yam2NN.lha
adt.000	adt_amitcp11.lha
adt.030	adt_amitcp11.lha
amitcp-talk	AmiTALK155.lha
amitcp-talkd	AmiTALK155.lha
archie	archie141.lha
arp	AmiTCP-demo-40.lha
arp	FENStarter.lha
arp	GG-Lite-net-m68k.lha
arp	gendemo104.lha
aws	AmBoS-CGI.lha
bbgopher	BBGopher10.lha
bbgopher-030	BBGopher10.lha
bootpconfig	gendemo104.lha
bos	bos.lha
camwatch	CamWatch10.lha
ch_setowner	AmiTCP-demo-40.lha
ch_setowner	FENStarter.lha
ch_setowner	chnfsc102-30b2.lha
ch_setowner	gendemo104.lha
clfingerd	CL51-IP.lha
clfingerd	ConnectLine.lha
cltcpmond	CL51-IP.lha
cltcpmond	ConnectLine.lha
cltelnetd	CL51-IP.lha
cltelnetd	ConnectLine.lha
cnfingerd	cnet4demo.lha
cnfingerd	cnet5demo.lha
dig	dnstools.lha
dl	dl.lha
dns	FloodHunter.lha
dns	dns.lha
finger	AmiTCP-demo-40.lha
finger	FENStarter.lha
finger	gendemo104.lha
ftpcount	FENStarter.lha
ftpcount	wu-ftpd-37.21.lha
ftpd	AmiTCP-demo-40.lha
ftpd	DayDreamBBS.lha
ftpd	FENStarter.lha
ftpd	ddbbs130b4.lha
ftpd	gendemo104.lha
ftpd	mlftpd_14.lha
ftpd	wu-ftpd-37.21.lha
ftpshut	FENStarter.lha
ftpshut	wu-ftpd-37.21.lha
graburl	graburl-2.lha
http_post	http_post.lha
httplog.000	httplog14.lha
httplog.030	httplog14.lha
icmpinfo	icmpinfo-1.9.lha
ifconfig	AmiTCP-demo-40.lha
ifconfig	FENStarter.lha
ifconfig	GG-Lite-net-m68k.lha
ifconfig	gendemo104.lha
imagemap	AmBoS-CGI.lha
imapd	imapd1_0.lha
imapd	maildaemons.lha
in.fingerd	gendemo104.lha
in.identd	Patch2AmiTCP43.lha
in.identd	gendemo104.lha
in.smtpd	AmiTCPsmtpd.lha
in.smtpd	amiconnect.lha
inetd	AmiTCP-demo-40.lha
inetd	FENStarter.lha
inetd	GG-Lite-net-m68k.lha
inetd	gendemo104.lha
ipop2d	maildaemons.lha
ipop3d	maildaemons.lha
login	AmiTCP-demo-40.lha
login	FENStarter.lha
login	GG-Lite-net-m68k.lha
login	gendemo104.lha
lpd	lpd.lha
lpr	port-lpr.lha
mailmap	AmBoS-CGI.lha
metaserver	opennap.lha
micq	micq-0.4.0.lha
micq.000	micq-0.4.0.lha
micq.020	micq-0.4.0.lha
mifsallocreq	myinterfacesuck.lha
mifsdumb	myinterfacesuck.lha
mifsstate	myinterfacesuck.lha
myinterfacesuck	myinterfacesuck.lha
named	named.lha
ncftp	AmiTCP-demo-40.lha
ncftp	GG-Lite-net-m68k.lha
ncftp	gendemo104.lha
netfs-handler	NetFS-revised.lha
netfs-server	AmiTCP-demo-40.lha
netfs-server	GG-Lite-net-m68k.lha
netfs-server	NetFS-revised.lha
netfs-server	NetFS.lha
netfs-server	gendemo104.lha
netinput.000	netinput37.3.lha
netinput.020	netinput37.3.lha
nmbd	amitcp-samba.lha
nntpclient	amiconnect.lha
nntpsend	nntpsend.lha
nslookup	dnstools.lha
ping	AmiTCP-demo-40.lha
ping	FENStarter.lha
ping	GG-Lite-net-m68k.lha
ping	LFS.lha
ping	Tallahassee.lha
ping	gendemo104.lha
portmap	AmiTCP-demo-40.lha
portmap	FENStarter.lha
portmap	GG-Lite-net-m68k.lha
portmap	gendemo104.lha
post-query	AmBoS-CGI.lha
query	AmBoS-CGI.lha
rcp	rcp.lha
rexecd	rexecd1_0.lha
rexxnet_amitcp.000	RexxNet.lha
rexxnet_amitcp.020	RexxNet.lha
rexxnetd_amitcp.000	RexxNet.lha
rexxnetd_amitcp.020	RexxNet.lha
route	AmiTCP-demo-40.lha
route	FENStarter.lha
route	GG-Lite-net-m68k.lha
route	gendemo104.lha
rpcinfo	GG-Lite-net-m68k.lha
rsh	GG-Lite-net-m68k.lha
rshd	rshd10.lha
showmount	GG-Lite-net-m68k.lha
showmount	chnfsc102-30b2.lha
smail_amitcp	AmigaSmail3-29.lha
smbd	amitcp-samba.lha
socks	socksproxy.lha
talkd	ytalk1_0a.lha
time_chk	usno_time.lha
time_set	usno_time.lha
timec	usno_time.lha
tn3270	tn3270.lha
traceroute	AmiTCP-demo-40.lha
traceroute	FENStarter.lha
traceroute	gendemo104.lha
u9fs	u9fs.lha
umsd	UMS11_6_beta.lha
umsd	UMS11_9_beta.lha
umsspamc	umsspamc1_3.lha
weazel	weazel.lha
whois	dnstools.lha
xtreme	x-treme.lha
